[{"id":"1live@20200517220000","channel":"1LIVE","start":"2020-05-17T22:00:00Z","stop":"2020-05-18T01:00:00Z","title_ger":"1LIVE Fiehe","subtitle_ger":"Freestylesendung mit Klaus Fiehe","desc_ger":"Freestylesendung mit Klaus Fiehe","_version_":1672814459946532900,"logofile":"1live.png","channeltype":1,"titleLink":"https://mediathekviewweb.de/#query=1LIVE%20Fiehe","subtitleLink":"https://mediathekviewweb.de/#query=Freestylesendung%20mit%20Klaus%20Fiehe","isFavourite":false},{"id":"zdfneo@20200731223500","channel":"zdf_neo","start":"2020-07-31T22:35:00Z","stop":"2020-07-31T23:20:00Z","title_ger":"Agatha Raisin","subtitle_ger":"Der tote Kaplan Teil 2","desc_ger":"Der tote Kaplan Teil 2","_version_":1672814493590093800,"logofile":"zdfneo.png","channeltype":0,"titleLink":"https://mediathekviewweb.de/#query=Agatha%20Raisin","subtitleLink":"https://mediathekviewweb.de/#query=Der%20tote%20Kaplan%20Teil%202","isFavourite":false},{"id":"zdf@20200627013500","channel":"ZDF","start":"2020-06-27T01:35:00Z","stop":"2020-06-27T02:25:00Z","title_ger":"Better Call Saul","subtitle_ger":"Zeuge","desc_ger":"USA 2017</br>Jimmy und Kim stellen für ihre neue Kanzlei eine Assistentin ein. Chuck versucht nach wie vor, Jimmy beruflich das Genick zu brechen. Als Kim die ganze Wahrheit erfährt, wird sie aktiv.</br></br>Chuck stellt Jimmy eine Falle, in die Jimmy auch prompt tappt. Danach gibt es zwei Zeugen für Jimmys Missetaten, die vor Gericht gegen ihn aussagen werden. Der impulsive Jimmy ist fassungslos, dass sein eigener Bruder dermaßen planmäßig gegen ihn vorgehen kann.</br>Darsteller:</br>Jimmy McGill - <a href=\"https://www.imdb.com/find?q=Bob Odenkirk\" target=\"_blank\">Bob Odenkirk</a></br>Mike Ehrmantraut - <a href=\"https://www.imdb.com/find?q=Jonathan Banks\" target=\"_blank\">Jonathan Banks</a></br>Kim Wexler - <a href=\"https://www.imdb.com/find?q=Rhea Seehorn\" target=\"_blank\">Rhea Seehorn</a></br>Howard Hamlin - <a href=\"https://www.imdb.com/find?q=Patrick Fabian\" target=\"_blank\">Patrick Fabian</a></br>Chuck McGill - <a href=\"https://www.imdb.com/find?q=Michael McKean\" target=\"_blank\">Michael McKean</a></br>Nacho Varga - <a href=\"https://www.imdb.com/find?q=Michael Mando\" target=\"_blank\">Michael Mando</a></br>Regie: <a href=\"https://www.imdb.com/find?q=Vince%20Gilligan\" target=\"_blank\">Vince Gilligan</a></br></br>Altersfreigabe: 12","_version_":1672911764040188000,"logofile":"zdf.png","channeltype":0,"titleLink":"https://mediathekviewweb.de/#query=Better%20Call%20Saul","subtitleLink":"https://mediathekviewweb.de/#query=Zeuge","isFavourite":false},{"id":"tv5mondeeurope@20200512221800","channel":"TV5MONDE EUROPE","start":"2020-05-12T22:18:00Z","stop":"2020-05-12T23:05:00Z","title_fre":"A L'INTERIEUR-EP02-ARIANE ","subtitle_fre":"Angèle découvre un détail troublant : Ana est né la même année et le même jour qu'elle. L'autopsie révèle également qu'Ana a eu un ","desc_fre":"Épisode 2 : Ariane</br></br>Angèle découvre un détail troublant : Ana est né la même année et le même jour qu'elle. L'autopsie révèle également qu'Ana a eu un rapport sexuel consenti avant sa mort. Or, une autre patiente de la clinique est enceinte mais n'a aucun souvenir du moindre rapport. Coïncidence ?</br></br>Réalisation : Vincent Lannoo (France, 2018)</br>Scénario : Jeanne Le Guillou, Bruno Dega</br>Distribution : Noémie Schmidt (Angèle Maury), Béatrice Dalle (Élisabeth Favard), Hippolyte Girardot (Raphaël Santi), Judith El Zein (Alexandra Santi), Samuel Theis (Simon), Grégoire Leprince-Ringuet (Maxime), Mylène Demongeot (Rose), Achille Ridolfi (Louis), Émilie Dequenne (Camille), Scali Delpeyrat (Guillaume), Florence Thomassin (Valérie), Antoine Gouy (Bastien), Jérémy Gillet (Arnaud), Yaël Abecassis (Iris Galmont)</br>Genre : policier</br>Palmarès : Pyrénées d'or de la meilleure mini-série, prix du public de la mini-série, festival des créations télévisuelles de Luchon 2019.</br></br></br> ","_version_":1673190931250020400,"logofile":"tv5mondeeurope.png","channeltype":0,"titleLink":"https://mediathekviewweb.de/#query=A%20L'INTERIEUR-EP02-ARIANE%20","subtitleLink":"https://mediathekviewweb.de/#query=Angèle%20découvre%20un%20détail%20troublant :%20Ana%20est%20né%20la%20même%20année%20et%20le%20même%20jour%20qu'elle.%20L'autopsie%20révèle%20également%20qu'Ana%20a%20eu%20un%20","isFavourite":false},{"id":"prosieben@20200615005233","channel":"ProSieben","start":"2020-06-15T00:52:33Z","stop":"2020-06-15T03:15:23Z","title_ger":"Harry Potter und die Heiligtümer des Todes (1)","subtitle_ger":"Harry Potter und die Heiligtümer des Todes (1)</br>Fantasy, USA 2010</br>Altersfreigabe: ab 12","desc_ger":"Daniel Radcliffe, Rupert Grint und Emma Watson begeben sich in der beliebten Zauberwelt rund um Hogwarts auf eine gefährliche, alles entscheidende Mission: Einer Legende zufolge bezieht Voldemort seine gewaltige Macht aus den sogenannten Horkruxen. Um den dunklen Lord zu besiegen, gibt es für die drei Freunde Harry, Ron und Hermine nur eine Chance: Sie müssen die magischen Artefakte finden und für immer zerstören. Doch das will Voldemort unter keinen Umständen zulassen ...</br></br>Regie: <a href=\"https://www.imdb.com/find?q=David%20Yates\" target=\"_blank\">David Yates</a></br>Drehbuch: <a href=\"https://www.imdb.com/find?q=Steve%20Kloves\" target=\"_blank\">Steve Kloves</a></br>Autor: <a href=\"https://www.imdb.com/find?q=Joanne%20K.%20Rowling\" target=\"_blank\">Joanne K. Rowling</a></br>Komponist: <a href=\"https://www.imdb.com/find?q=Alexandre%20Desplat\" target=\"_blank\">Alexandre Desplat</a></br>Kamera: <a href=\"https://www.imdb.com/find?q=Eduardo%20Serra\" target=\"_blank\">Eduardo Serra</a></br>Schnitt: <a href=\"https://www.imdb.com/find?q=Mark%20Day\" target=\"_blank\">Mark Day</a></br></br>Darsteller:</br><a href=\"https://www.imdb.com/find?q=Daniel Radcliffe\" target=\"_blank\">Daniel Radcliffe</a> (Harry Potter)</br><a href=\"https://www.imdb.com/find?q=Rupert Grint\" target=\"_blank\">Rupert Grint</a> (Ron Weasley)</br><a href=\"https://www.imdb.com/find?q=Emma Watson\" target=\"_blank\">Emma Watson</a> (Hermine Granger)</br><a href=\"https://www.imdb.com/find?q=Ralph Fiennes\" target=\"_blank\">Ralph Fiennes</a> (Lord Voldemort)</br><a href=\"https://www.imdb.com/find?q=Helena Bonham Carter\" target=\"_blank\">Helena Bonham Carter</a> (Bellatrix Lestrange)</br><a href=\"https://www.imdb.com/find?q=David Thewlis\" target=\"_blank\">David Thewlis</a> (Remus Lupin)</br><a href=\"https://www.imdb.com/find?q=Rhys Ifans\" target=\"_blank\">Rhys Ifans</a> (Xenophilius Lovegood)</br><a href=\"https://www.imdb.com/find?q=Imelda Staunton\" target=\"_blank\">Imelda Staunton</a> (Dolores Umbridge)</br><a href=\"https://www.imdb.com/find?q=Alan Rickman\" target=\"_blank\">Alan Rickman</a> (Severus Snape)","_version_":1673190923730681900,"logofile":"prosieben.png","channeltype":0,"titleLink":"https://mediathekviewweb.de/#query=Harry%20Potter%20und%20die%20Heiligtümer%20des%20Todes%20(1)","subtitleLink":"https://mediathekviewweb.de/#query=Harry%20Potter%20und%20die%20Heiligtümer%20des%20Todes%20(1)\nFantasy,%20USA%202010\nAltersfreigabe:%20ab%2012","isFavourite":false}]