{
    "1LIVE" : [ "1live.png", 1 ],
    "1LIVE diGGi" : [ "1livediggi.png", 1 ],
    "3sat" : [ "3sat.png", 0 ],
    "ANTENNE BAYERN" : [ "antennebayern.png", 1 ],
    "arte" : [ "arte.png", 0 ],
    "BAYERN 3" : [ "bayern3.png", 1 ],
    "BR Fernsehen Nord" : [ "brfernsehennord.png", 0 ],
    "BR-KLASSIK" : [ "brklassik.png", 1 ],
    "Das Erste" : [ "daserste.png", 0 ],
    "Dlf" : [ "dlf.png", 1 ],
    "Dlf Kultur" : [ "dlfkultur.png", 1 ],
    "Dlf Nova" : [ "dlfnova.png", 1 ],
    "DMAX" : [ "dmax.png", 0 ],
    "DRadio DokDeb" : [ "dradiodokdeb.png", 1 ],
    "hr2" : [ "hr2.png", 1 ],
    "hr-fernsehen" : [ "hrfernsehen.png", 0 ],
    "kabel eins" : [ "kabeleins.png", 0 ],
    "KiKA" : [ "kika.png", 0 ],
    "MDR KLASSIK" : [ "mdrklassik.png", 1 ],
    "MDR KULTUR" : [ "mdrkultur.png", 1 ],
    "MDR Thüringen" : [ "mdrthuringen.png", 1 ],
    "NDR Kultur" : [ "ndrkultur.png", 1 ],
    "NITRO" : [ "nitro.png", 0 ],
    "n-tv" : [ "ntv.png", 0 ],
    "ONE" : [ "one.png", 0 ],
    "phoenix" : [ "phoenix.png", 0 ],
    "ProSieben" : [ "prosieben.png", 0 ],
    "rbb Berlin" : [ "rbbberlin.png", 0 ],
    "RTL2" : [ "rtl2.png", 0 ],
    "RTLplus" : [ "rtlplus.png", 0 ],
    "RTL Television" : [ "rtltelevision.png", 0 ],
    "SAT.1" : [ "sat1.png", 0 ],
    "ServusTV Deutschland" : [ "servustvdeutschland.png", 0 ],
    "SIXX" : [ "sixx.png", 0 ],
    "SR Fernsehen" : [ "srfernsehen.png", 0 ],
    "SUPER RTL" : [ "superrtl.png", 0 ],
    "SWR2" : [ "swr2.png", 1 ],
    "SWR3" : [ "swr3.png", 1 ],
    "SWR Fernsehen BW" : [ "swrfernsehenbw.png", 0 ],
    "tagesschau24" : [ "tagesschau24.png", 0 ],
    "TELE 5" : [ "tele5.png", 0 ],
    "TV5MONDE EUROPE" : [ "tv5mondeeurope.png", 0 ],
    "VOX" : [ "vox.png", 0 ],
    "WDR Köln" : [ "wdrkoln.png", 0 ],
    "ZDFinfo" : [ "zdfinfo.png", 0 ],
    "zdf_neo" : [ "zdfneo.png", 0 ],
    "ZDF" : [ "zdf.png", 0 ]
}
